date;time;name;ip;id;
29.8.2018;20:34:31 ;kriz;16777343;1
29.8.2018;20:34:44 ;kriz;16777343;1
30.8.2018;00:58:26 ;kriz;16777343;1
30.8.2018;01:05:24 ;kriz;16777343;1
30.8.2018;21:09:00 ;kriz;16777343;1
30.8.2018;21:10:53 ;kriz;16777343;1
30.8.2018;21:12:26 ;kriz;16777343;1
30.8.2018;21:13:05 ;kriz;16777343;1
30.8.2018;21:14:14 ;kriz;16777343;1
31.8.2018;00:44:55 ;test4;16777343;4
31.8.2018;01:13:32 ;gdfgdfg;16777343;5
31.8.2018;01:22:41 ;gdfgdfg;16777343;5
31.8.2018;01:23:12 ;gdfgdfg;16777343;5
31.8.2018;22:06:25 ;gdfgdfg;16777343;5
31.8.2018;22:11:01 ;gdfgdfg;16777343;5
31.8.2018;22:12:00 ;gdfgdfg;16777343;5
31.8.2018;22:17:22 ;gdfgdfg;16777343;5
31.8.2018;22:17:44 ;fsdfsdf;16777343;6
31.8.2018;22:20:31 ;fsdfsdf;16777343;6
31.8.2018;22:29:17 ;fsdfsdf;16777343;6
31.8.2018;22:29:39 ;tertwrt;16777343;7
31.8.2018;22:32:08 ;tertwrt;16777343;7
31.8.2018;22:34:45 ;gfgdsfg;16777343;8
1.9.2018;10:08:19 ;dgdfsgdfg;16777343;9
1.9.2018;10:08:42 ;dgdfsgdfg;16777343;9
1.9.2018;10:09:36 ;dfgdf;16777343;10
1.9.2018;10:11:57 ;dfgdf;16777343;10
1.9.2018;10:24:35 ;dfgdf;16777343;10
1.9.2018;11:54:42 ;dfgdf;16777343;10
1.9.2018;11:58:05 ;dfgdf;16777343;10
1.9.2018;12:00:46 ;dfgdf;16777343;10
1.9.2018;12:02:21 ;dfgdf;16777343;10
1.9.2018;13:08:36 ;dfgdf;16777343;10
1.9.2018;13:10:12 ;trtertert;16777343;11
1.9.2018;13:12:42 ;trtertert;16777343;11
1.9.2018;13:12:59 ;trtertert;16777343;11
1.9.2018;13:14:43 ;dgdfgdfg;16777343;12
1.9.2018;13:18:15 ;dgdfgdfg;16777343;12
1.9.2018;13:23:33 ;dgdfgdfg;16777343;12
1.9.2018;13:27:29 ;dgdfgdfg;16777343;12
1.9.2018;13:30:21 ;dgdfgdfg;16777343;12
1.9.2018;13:56:58 ;dgdfgdfg;16777343;12
1.9.2018;13:57:29 ;dgdfgdfg;16777343;12
1.9.2018;13:57:45 ;gdfgdfggdfgdfg;16777343;13
1.9.2018;13:58:56 ;fsfdfdgd;16777343;14
1.9.2018;14:01:13 ;fgdfgdfgdfgdf;16777343;15
1.9.2018;14:06:43 ;fgdfgdfgdfgdf;16777343;15
1.9.2018;14:09:58 ;fgdfgdfgdfgdf;16777343;15
1.9.2018;14:13:44 ;fgdfgdfgdfgdf;16777343;15
1.9.2018;14:25:08 ;fgdfgdfgdfgdf;16777343;15
1.9.2018;14:25:45 ;fgdfgdfgdfgdf;16777343;15
1.9.2018;14:26:07 ;fgdfgdfgdfgdf;16777343;15
1.9.2018;14:28:10 ;fgdfgdfgdfgdf;16777343;15
1.9.2018;14:30:09 ;fgdfgdfgdfgdf;16777343;15
1.9.2018;14:31:09 ;fgdfgdfgdfgdf;16777343;15
1.9.2018;14:34:10 ;fgdfgdfgdfgdf;16777343;15
1.9.2018;14:36:30 ;fgdfgdfgdfgdf;16777343;15
1.9.2018;14:40:38 ;fgdfgdfgdfgdf;16777343;15
1.9.2018;14:41:02 ;fgdfgdfgdfgdf;16777343;15
1.9.2018;14:49:35 ;fgdfgdfgdfgdf;16777343;15
1.9.2018;14:53:35 ;fgdfgdfgdfgdf;16777343;15
1.9.2018;14:57:34 ;fgdfgdfgdfgdf;16777343;15
1.9.2018;15:01:16 ;fgdfgdfgdfgdf;16777343;15
1.9.2018;15:02:15 ;fgdfgdfgdfgdf;16777343;15
1.9.2018;15:03:00 ;fgdfgdfgdfgdf;16777343;15
1.9.2018;15:03:55 ;fgdfgdfgdfgdf;16777343;15
1.9.2018;15:05:37 ;fgdfgdfgdfgdf;16777343;15
1.9.2018;15:08:53 ;fgdfgdfgdfgdf;16777343;15
1.9.2018;15:09:04 ;fgdfgdfgdfgdf;16777343;15
1.9.2018;15:14:45 ;fgdfgdfgdfgdf;16777343;15
1.9.2018;15:14:54 ;fgdfgdfgdfgdf;16777343;15
1.9.2018;15:16:52 ;fgdfgdfgdfgdf;16777343;15
1.9.2018;15:17:19 ;fgdfgdfgdfgdf;16777343;15
1.9.2018;15:19:15 ;fgdfgdfgdfgdf;16777343;15
1.9.2018;15:19:46 ;fgdfgdfgdfgdf;16777343;15
1.9.2018;15:24:20 ;fgdfgdfgdfgdf;16777343;15
1.9.2018;15:27:22 ;fgdfgdfgdfgdf;16777343;15
1.9.2018;15:52:08 ;fgdfgdfgdfgdf;16777343;15
1.9.2018;16:18:35 ;fgdfgdfgdfgdf;16777343;15
1.9.2018;16:22:24 ;fgdfgdfgdfgdf;16777343;15
1.9.2018;16:22:46 ;fgdfgdfgdfgdf;16777343;15
1.9.2018;16:23:33 ;fgdfgdfgdfgdf;16777343;15
1.9.2018;16:24:04 ;fgdfgdfgdfgdf;16777343;15
1.9.2018;16:24:38 ;fgdfgdfgdfgdf;16777343;15
1.9.2018;16:28:53 ;fgdfgdfgdfgdf;16777343;15
1.9.2018;16:29:22 ;fgdfgdfgdfgdf;16777343;15
1.9.2018;16:46:35 ;fgdfgdfgdfgdf;16777343;15
1.9.2018;16:51:49 ;fgdfgdfgdfgdf;16777343;15
1.9.2018;16:59:11 ;fgdfgdfgdfgdf;16777343;15
1.9.2018;17:00:30 ;fgdfgdfgdfgdf;16777343;15
1.9.2018;17:00:53 ;fgdfgdfgdfgdf;16777343;15
1.9.2018;17:01:46 ;fgdfgdfgdfgdf;16777343;15
1.9.2018;17:06:49 ;fgdfgdfgdfgdf;16777343;15
1.9.2018;17:07:02 ;fgdfgdfgdfgdf;16777343;15
1.9.2018;17:09:11 ;fgdfgdfgdfgdf;16777343;15
1.9.2018;17:15:20 ;fgdfgdfgdfgdf;16777343;15
1.9.2018;17:37:11 ;fgdfgdfgdfgdf;16777343;15
1.9.2018;17:37:45 ;fgdfgdfgdfgdf;16777343;15
1.9.2018;17:45:20 ;fgdfgdfgdfgdf;16777343;15
1.9.2018;17:45:31 ;dgdfg;16777343;16
1.9.2018;17:53:45 ;dgdfg;16777343;16
1.9.2018;17:54:54 ;dgdfg;16777343;16
1.9.2018;17:57:25 ;dgdfg;16777343;16
1.9.2018;18:04:32 ;dgdfg;16777343;16
1.9.2018;18:06:53 ;dgdfg;16777343;16
1.9.2018;18:07:48 ;dgdfg;16777343;16
1.9.2018;18:29:50 ;dgdfg;16777343;16
1.9.2018;18:35:11 ;dgdfg;16777343;16
1.9.2018;18:35:51 ;dgdfg;16777343;16
1.9.2018;18:38:20 ;dgdfg;16777343;16
1.9.2018;18:38:59 ;dgdfg;16777343;16
1.9.2018;18:40:36 ;gdfgdfgdfgdfg;16777343;17
1.9.2018;18:41:42 ;gdfgdfgdfgdfg;16777343;17
1.9.2018;18:45:41 ;gdfgdfgdfgdfg;16777343;17
1.9.2018;18:46:18 ;gfgggggg;16777343;18
1.9.2018;18:47:36 ;gfgggggg;16777343;18
1.9.2018;18:49:42 ;gfgggggg;16777343;18
1.9.2018;18:52:48 ;gfgggggg;16777343;18
1.9.2018;18:54:55 ;gfgggggg;16777343;18
1.9.2018;18:55:43 ;gfgggggg;16777343;18
1.9.2018;18:58:16 ;gfgggggg;16777343;18
1.9.2018;18:59:37 ;gfgggggg;16777343;18
1.9.2018;19:00:58 ;gfgggggg;16777343;18
1.9.2018;19:01:42 ;ggggg;16777343;19
1.9.2018;19:02:45 ;ggggg;16777343;19
1.9.2018;19:08:13 ;ggggg;16777343;19
1.9.2018;19:08:51 ;ggggg343gfggfd;16777343;20
1.9.2018;19:19:36 ;ggggg343gfggfd;16777343;20
1.9.2018;19:21:39 ;ggggg343gfggfd;16777343;20
1.9.2018;19:22:21 ;poiuytrxcv;16777343;21
1.9.2018;19:28:42 ;poiuytrxcv;16777343;21
1.9.2018;19:47:46 ;poiuytrxcv;16777343;21
1.9.2018;20:00:02 ;poiuytrxcv;16777343;21
1.9.2018;20:00:18 ;ccccsdfsdfs;16777343;22
1.9.2018;20:15:08 ;fsdfsdfff;16777343;23
1.9.2018;20:15:36 ;fsdf222fsdfdsf;16777343;24
1.9.2018;20:17:34 ;fsdf222fsdfdsf;16777343;24
1.9.2018;20:17:49 ;ggg234fdfdsdfs;16777343;25
1.9.2018;20:35:19 ;ggg234fdfdsdfs;16777343;25
1.9.2018;20:36:13 ;ggg234fdfdsdfs;16777343;25
1.9.2018;20:48:04 ;ggg234fdfdsdfs;16777343;25
1.9.2018;20:55:25 ;ggg234fdfdsdfs;16777343;25
1.9.2018;21:07:12 ;ggg234fdfdsdfs;16777343;25
1.9.2018;21:08:03 ;ggg234fdfdsdfs;16777343;25
1.9.2018;21:40:39 ;ggg234fdfdsdfs;16777343;25
1.9.2018;21:49:13 ;ggg234fdfdsdfs;16777343;25
1.9.2018;21:50:24 ;ggg234fdfdsdfs;16777343;25
1.9.2018;21:55:40 ;ggg234fdfdsdfs;16777343;25
1.9.2018;21:57:18 ;ggg234fdfdsdfs;16777343;25
2.9.2018;13:29:32 ;ggg234fdfdsdfs;16777343;25
2.9.2018;13:31:21 ;ggg234fdfdsdfs;16777343;25
2.9.2018;13:31:45 ;ggg234fdfdsdfs;16777343;25
2.9.2018;13:32:07 ;ggg234fdfdsdfs;16777343;25
2.9.2018;13:33:20 ;ggg234fdfdsdfs;16777343;25
2.9.2018;13:54:43 ;ggg234fdfdsdfs;16777343;25
2.9.2018;14:01:22 ;ggg234fdfdsdfs;16777343;25
2.9.2018;14:05:24 ;ggg234fdfdsdfs;16777343;25
2.9.2018;15:41:24 ;ggg234fdfdsdfs;16777343;25
2.9.2018;15:42:15 ;tewtrfdsfsdf;16777343;26
2.9.2018;15:58:34 ;tewtrfdsfsdf;16777343;26
3.9.2018;09:57:55 ;tewtrfdsfsdf;16777343;26
3.9.2018;10:00:04 ;tewtrfdsfsdf;16777343;26
3.9.2018;10:02:03 ;testik;16777343;27
3.9.2018;10:03:58 ;testik;16777343;27
3.9.2018;10:25:05 ;testik;16777343;27
3.9.2018;10:26:34 ;testik;16777343;27
3.9.2018;10:28:04 ;testik;16777343;27
3.9.2018;10:34:54 ;testik;16777343;27
3.9.2018;11:15:57 ;testik;16777343;27
3.9.2018;13:34:47 ;testik;16777343;27
3.9.2018;13:35:38 ;test;16777343;28
3.9.2018;13:47:26 ;test;16777343;28
3.9.2018;14:01:25 ;test;16777343;28
3.9.2018;14:02:11 ;test;16777343;28
3.9.2018;14:02:53 ;test;16777343;28
3.9.2018;14:03:57 ;test;16777343;28
3.9.2018;14:04:09 ;dgfgdfgdfg;16777343;29
3.9.2018;14:20:18 ;dgfgdfgdfg;16777343;29
3.9.2018;14:21:54 ;dgfgdfgdfg;16777343;29
3.9.2018;14:22:20 ;testtttt;16777343;30
3.9.2018;14:26:15 ;testtttt;16777343;30
3.9.2018;14:28:39 ;testtttt;16777343;30
3.9.2018;14:29:04 ;testtttt;16777343;30
3.9.2018;14:30:01 ;testtttt;16777343;30
3.9.2018;14:30:26 ;testtttt;16777343;30
3.9.2018;14:30:39 ;testtttt;16777343;30
3.9.2018;14:31:11 ;testtttt;16777343;30
3.9.2018;14:33:13 ;testtttt;16777343;30
3.9.2018;14:48:36 ;testtttt;16777343;30
3.9.2018;14:49:02 ;1fsdfsf4gdfgdf;16777343;31
3.9.2018;14:52:14 ;gdfgdfgdfggggg;16777343;32
3.9.2018;14:54:38 ;gdfgdfgdfggggg;16777343;32
3.9.2018;14:59:02 ;gdfgdfgdfggggg;16777343;32
3.9.2018;15:01:23 ;gdfgdfgdfggggg;16777343;32
3.9.2018;15:05:40 ;gdfgdfgdfggggg;16777343;32
3.9.2018;15:06:31 ;gdfgdfgdfggggg;16777343;32
3.9.2018;15:07:51 ;gdfgdfgdfggggg;16777343;32
3.9.2018;15:08:25 ;gdfgdfgdfggggg;16777343;32
3.9.2018;15:24:25 ;gdfgdfgdfggggg;16777343;32
3.9.2018;15:27:05 ;gdfgdfgdfggggg;16777343;32
3.9.2018;15:30:31 ;gdfgdfgdfggggg;16777343;32
3.9.2018;15:55:53 ;gdfgdfgdfggggg;16777343;32
3.9.2018;15:56:39 ;fkjskjgksll;16777343;33
3.9.2018;16:04:58 ;fkjskjgksll;16777343;33
3.9.2018;16:05:31 ;fkjskjgksll;16777343;33
3.9.2018;16:06:02 ;fsdfsdfsdf;16777343;34
3.9.2018;16:08:16 ;fsdfsdfsdf;16777343;34
3.9.2018;16:10:25 ;fsdfsdfsdf;16777343;34
3.9.2018;16:11:27 ;fsdfsdfsdf;16777343;34
3.9.2018;16:12:14 ;fsdfsdfsdf;16777343;34
3.9.2018;16:14:04 ;fsdfsdfsdf;16777343;34
3.9.2018;16:15:35 ;fsdfsdfsdf;16777343;34
3.9.2018;16:16:05 ;fsdfsdfsdf;16777343;34
3.9.2018;16:27:17 ;fsdfsdfsdf;16777343;34
3.9.2018;16:29:05 ;fsdfsdfsdf;16777343;34
3.9.2018;16:31:46 ;zzzzzfsdfsfg;16777343;35
3.9.2018;16:33:27 ;zzzzzfsdfsfg;16777343;35
3.9.2018;16:36:12 ;zzzzzfsdfsfg;16777343;35
3.9.2018;16:36:39 ;zzzzzfsdfsfg;16777343;35
3.9.2018;16:37:31 ;zzzzzfsdfsfg;16777343;35
3.9.2018;16:38:57 ;zzzzzfsdfsfg;16777343;35
3.9.2018;16:39:59 ;zzzzzfsdfsfg;16777343;35
3.9.2018;16:48:43 ;zzzzzfsdfsfg;16777343;35
3.9.2018;16:54:33 ;zzzzzfsdfsfg;16777343;35
3.9.2018;16:54:45 ;zzzzzfsdfsfg;16777343;35
3.9.2018;16:55:39 ;zzzzzfsdfsfg;16777343;35
3.9.2018;16:56:55 ;zzzzzfsdfsfg;16777343;35
3.9.2018;16:58:19 ;zzzzzfsdfsfg;16777343;35
3.9.2018;17:12:28 ;zzzzzfsdfsfg;16777343;35
3.9.2018;17:13:38 ;zzzzzfsdfsfg;16777343;35
3.9.2018;17:17:04 ;zzzzzfsdfsfg;16777343;35
3.9.2018;17:19:27 ;zzzzzfsdfsfg;16777343;35
3.9.2018;17:20:45 ;zzzzzfsdfsfg;16777343;35
3.9.2018;17:22:39 ;zzzzzfsdfsfg;16777343;35
3.9.2018;17:24:53 ;zzzzzfsdfsfg;16777343;35
3.9.2018;17:29:56 ;zzzzzfsdfsfg;16777343;35
3.9.2018;17:30:23 ;zzzzzfsdfsfg;16777343;35
3.9.2018;17:31:07 ;zzzzzfsdfsfg;16777343;35
3.9.2018;17:31:45 ;zzzzzfsdfsfg;16777343;35
3.9.2018;17:32:22 ;zzzzzfsdfsfg;16777343;35
3.9.2018;17:57:32 ;zzzzzfsdfsfg;16777343;35
3.9.2018;18:00:07 ;zzzzzfsdfsfg;16777343;35
3.9.2018;18:00:42 ;zzzzzfsdfsfg;16777343;35
3.9.2018;18:10:34 ;zzzzzfsdfsfg;16777343;35
3.9.2018;18:11:58 ;zzzzzfsdfsfg;16777343;35
3.9.2018;18:12:41 ;zzzzzfsdfsfg;16777343;35
3.9.2018;18:17:32 ;zzzzzfsdfsfg;16777343;35
3.9.2018;18:24:44 ;zzzzzfsdfsfg;16777343;35
3.9.2018;18:25:05 ;zzzzzfsdfsfg;16777343;35
3.9.2018;18:26:21 ;zzzzzfsdfsfg;16777343;35
3.9.2018;18:26:51 ;zzzzzfsdfsfg;16777343;35
3.9.2018;18:27:10 ;zzzzzfsdfsfg;16777343;35
3.9.2018;18:28:40 ;zzzzzfsdfsfg;16777343;35
3.9.2018;18:29:44 ;zzzzzfsdfsfg;16777343;35
3.9.2018;18:33:33 ;zzzzzfsdfsfg;16777343;35
3.9.2018;18:34:01 ;zzzzzfsdfsfg;16777343;35
3.9.2018;18:34:26 ;zzzzzfsdfsfg;16777343;35
3.9.2018;18:34:54 ;zzzzzfsdfsfg;16777343;35
3.9.2018;18:35:15 ;zzzzzfsdfsfg;16777343;35
3.9.2018;18:42:00 ;zzzzzfsdfsfg;16777343;35
3.9.2018;19:00:52 ;zzzzzfsdfsfg;16777343;35
3.9.2018;19:02:02 ;zzzzzfsdfsfg;16777343;35
3.9.2018;19:21:59 ;zzzzzfsdfsfg;16777343;35
3.9.2018;19:36:43 ;zzzzzfsdfsfg;16777343;35
3.9.2018;19:38:42 ;zzzzzfsdfsfg;16777343;35
4.9.2018;00:16:33 ;zzzzzfsdfsfg;16777343;35
4.9.2018;00:41:06 ;zzzzzfsdfsfg;16777343;35
4.9.2018;00:41:35 ;zzzzzfsdfsfg;16777343;35
4.9.2018;00:55:03 ;zzzzzfsdfsfg;16777343;35
4.9.2018;00:56:55 ;zzzzzfsdfsfg;16777343;35
4.9.2018;01:00:52 ;zzzzzfsdfsfg;16777343;35
4.9.2018;01:05:58 ;zzzzzfsdfsfg;16777343;35
4.9.2018;01:09:02 ;zzzzzfsdfsfg;16777343;35
4.9.2018;01:13:49 ;zzzzzfsdfsfg;16777343;35
4.9.2018;01:25:34 ;zzzzzfsdfsfg;16777343;35
4.9.2018;01:29:15 ;zzzzzfsdfsfg;16777343;35
4.9.2018;01:30:14 ;zzzzzfsdfsfg;16777343;35
4.9.2018;01:33:34 ;zzzzzfsdfsfg;16777343;35
4.9.2018;01:35:40 ;zzzzzfsdfsfg;16777343;35
4.9.2018;10:16:48 ;zzzzzfsdfsfg;16777343;35
4.9.2018;10:25:14 ;zzzzzfsdfsfg;16777343;35
4.9.2018;10:27:10 ;zzzzzfsdfsfg;16777343;35
4.9.2018;10:29:48 ;zzzzzfsdfsfg;16777343;35
4.9.2018;13:40:22 ;zzzzzfsdfsfg;16777343;35
4.9.2018;13:52:13 ;zzzzzfsdfsfg;16777343;35
4.9.2018;13:54:54 ;zzzzzfsdfsfg;16777343;35
4.9.2018;14:10:48 ;zzzzzfsdfsfg;16777343;35
4.9.2018;14:12:31 ;zzzzzfsdfsfg;16777343;35
4.9.2018;14:12:53 ;zzzzzfsdfsfg;16777343;35
4.9.2018;14:47:37 ;zzzzzfsdfsfg;16777343;35
4.9.2018;15:04:44 ;zzzzzfsdfsfg;16777343;35
4.9.2018;15:05:08 ;gggg34dfgdfgdf;16777343;36
4.9.2018;15:25:37 ;gggg34dfgdfgdf;16777343;36
4.9.2018;15:28:09 ;gggg34dfgdfgdf;16777343;36
4.9.2018;15:29:14 ;gggg34dfgdfgdf;16777343;36
4.9.2018;15:48:50 ;gggg34dfgdfgdf;16777343;36
4.9.2018;15:54:20 ;gggg34dfgdfgdf;16777343;36
4.9.2018;16:02:05 ;gggg34dfgdfgdf;16777343;36
4.9.2018;16:04:36 ;gggg34dfgdfgdf;16777343;36
4.9.2018;16:06:59 ;gggg34dfgdfgdf;16777343;36
4.9.2018;16:08:27 ;gggg34dfgdfgdf;16777343;36
4.9.2018;16:13:29 ;gggg34dfgdfgdf;16777343;36
4.9.2018;16:15:09 ;gggg34dfgdfgdf;16777343;36
4.9.2018;16:16:35 ;gggg34dfgdfgdf;16777343;36
4.9.2018;16:17:44 ;gggg34dfgdfgdf;16777343;36;
4.9.2018;16:18:29 ;gggg34dfgdfgdf;16777343;36;
4.9.2018;16:26:24 ;gggg34dfgdfgdf;16777343;36;
4.9.2018;16:40:31 ;gggg34dfgdfgdf;16777343;36;
4.9.2018;16:41:22 ;gggg34dfgdfgdf;16777343;36;
4.9.2018;16:44:14 ;gggg34dfgdfgdf;16777343;36;
4.9.2018;16:44:44 ;zzzfsdfsdfsdf;16777343;37;
4.9.2018;16:45:42 ;zzzfsdfsdfsdf;16777343;37;
4.9.2018;16:46:54 ;zzzfsdfsdfsdf;16777343;37;
4.9.2018;16:47:32 ;zzzfsdfsdfsdf;16777343;37;
4.9.2018;16:50:49 ;zzzfsdfsdfsdf;16777343;37;
4.9.2018;16:54:16 ;zzzfsdfsdfsdf;16777343;37;
4.9.2018;17:00:43 ;zzzfsdfsdfsdf;16777343;37;
4.9.2018;17:10:11 ;zzzfsdfsdfsdf;16777343;37;
4.9.2018;17:13:22 ;zzzfsdfsdfsdf;16777343;37;
4.9.2018;17:13:57 ;zzzfsdfsdfsdf;16777343;37;
4.9.2018;17:16:23 ;zzzfsdfsdfsdf;16777343;37;
4.9.2018;17:17:44 ;zzzfsdfsdfsdf;16777343;37;
4.9.2018;17:20:20 ;zzzfsdfsdfsdf;16777343;37;
4.9.2018;17:21:19 ;zzzfsdfsdfsdf;16777343;37;
4.9.2018;17:22:15 ;zzzfsdfsdfsdf;16777343;37;
4.9.2018;17:23:58 ;zzzfsdfsdfsdf;16777343;37;
4.9.2018;17:24:49 ;zzzfsdfsdfsdf;16777343;37;
4.9.2018;17:27:30 ;zzzfsdfsdfsdf;16777343;37;
4.9.2018;17:28:52 ;zzzfsdfsdfsdf;16777343;37;
4.9.2018;17:29:54 ;zzzfsdfsdfsdf;16777343;37;
4.9.2018;17:30:28 ;zzzfsdfsdfsdf;16777343;37;
4.9.2018;17:32:40 ;zzzfsdfsdfsdf;16777343;37;
4.9.2018;17:33:44 ;zzzfsdfsdfsdf;16777343;37;
4.9.2018;18:02:10 ;zzzfsdfsdfsdf;16777343;37;
4.9.2018;18:23:52 ;zzzfsdfsdfsdf;16777343;37;
4.9.2018;18:24:53 ;zzzfsdfsdfsdf;16777343;37;
4.9.2018;18:26:14 ;zzzfsdfsdfsdf;16777343;37;
4.9.2018;18:28:42 ;zzzfsdfsdfsdf;16777343;37;
4.9.2018;18:38:38 ;zzzfsdfsdfsdf;16777343;37;
4.9.2018;18:41:49 ;zzzfsdfsdfsdf;16777343;37;
4.9.2018;18:42:59 ;zzzfsdfsdfsdf;16777343;37;
4.9.2018;18:43:50 ;zzzfsdfsdfsdf;16777343;37;
4.9.2018;18:44:44 ;zzzfsdfsdfsdf;16777343;37;
4.9.2018;18:46:58 ;zzzfsdfsdfsdf;16777343;37;
4.9.2018;18:50:51 ;zzzfsdfsdfsdf;16777343;37;
4.9.2018;18:57:17 ;zzzfsdfsdfsdf;16777343;37;
4.9.2018;19:13:06 ;zzzfsdfsdfsdf;16777343;37;
4.9.2018;19:15:28 ;zzzfsdfsdfsdf;16777343;37;
4.9.2018;19:16:35 ;zzzfsdfsdfsdf;16777343;37;
4.9.2018;19:18:36 ;zzzfsdfsdfsdf;16777343;37;
4.9.2018;19:20:18 ;zzzfsdfsdfsdf;16777343;37;
4.9.2018;19:51:01 ;zzzfsdfsdfsdf;16777343;37;
4.9.2018;21:07:38 ;zfgggggdfgdfgd;16777343;38;
4.9.2018;21:09:32 ;zfgggggdfgdfgd;16777343;38;
4.9.2018;21:40:57 ;zfgggggdfgdfgd;16777343;38;
4.9.2018;21:44:36 ;zfgggggdfgdfgd;16777343;38;
5.9.2018;00:30:15 ;zfgggggdfgdfgd;16777343;38;
5.9.2018;01:13:41 ;zfgggggdfgdfgd;16777343;38;
5.9.2018;01:18:44 ;zfgggggdfgdfgd;16777343;38;
5.9.2018;01:20:32 ;zfgggggdfgdfgd;16777343;38;
5.9.2018;01:24:24 ;zfgggggdfgdfgd;16777343;38;
5.9.2018;01:29:21 ;zfgggggdfgdfgd;16777343;38;
5.9.2018;01:37:12 ;zfgggggdfgdfgd;16777343;38;
5.9.2018;01:42:48 ;zfgggggdfgdfgd;16777343;38;
5.9.2018;01:46:11 ;zfgggggdfgdfgd;16777343;38;
5.9.2018;01:54:32 ;zfgggggdfgdfgd;16777343;38;
5.9.2018;10:02:44 ;zfgggggdfgdfgd;16777343;38;
5.9.2018;10:13:59 ;zfgggggdfgdfgd;16777343;38;
5.9.2018;10:38:57 ;zfgggggdfgdfgd;16777343;38;
5.9.2018;10:40:44 ;zfgggggdfgdfgd;16777343;38;
5.9.2018;10:42:07 ;zfgggggdfgdfgd;16777343;38;
5.9.2018;10:43:54 ;zfgggggdfgdfgd;16777343;38;
5.9.2018;10:45:50 ;zfgggggdfgdfgd;16777343;38;
5.9.2018;10:46:29 ;zfgggggdfgdfgd;16777343;38;
5.9.2018;10:47:40 ;zfgggggdfgdfgd;16777343;38;
5.9.2018;10:59:14 ;zfgggggdfgdfgd;16777343;38;
5.9.2018;11:04:54 ;zfgggggdfgdfgd;16777343;38;
5.9.2018;11:05:56 ;zfgggggdfgdfgd;16777343;38;
5.9.2018;11:09:33 ;zfgggggdfgdfgd;16777343;38;
5.9.2018;11:13:08 ;zfgggggdfgdfgd;16777343;38;
5.9.2018;11:22:45 ;zfgggggdfgdfgd;16777343;38;
5.9.2018;11:23:19 ;zfgggggdfgdfgd;16777343;38;
5.9.2018;11:25:36 ;zfgggggdfgdfgd;16777343;38;
5.9.2018;13:52:29 ;zfgggggdfgdfgd;16777343;38;
5.9.2018;13:53:47 ;zfgggggdfgdfgd;16777343;38;
5.9.2018;14:27:13 ;zfgggggdfgdfgd;16777343;38;
5.9.2018;14:28:09 ;zfgggggdfgdfgd;16777343;38;
5.9.2018;14:28:23 ;zfgggggdfgdfgd;16777343;38;
5.9.2018;14:28:53 ;zfgggggdfgdfgd;16777343;38;
5.9.2018;14:32:05 ;zfgggggdfgdfgd;16777343;38;
5.9.2018;14:32:56 ;zfgggggdfgdfgd;16777343;38;
5.9.2018;14:34:45 ;zfgggggdfgdfgd;16777343;38;
5.9.2018;14:35:17 ;zfgggggdfgdfgd;16777343;38;
5.9.2018;14:35:41 ;zfgggggdfgdfgd;16777343;38;
5.9.2018;14:37:04 ;zfgggggdfgdfgd;16777343;38;
5.9.2018;14:39:48 ;zfgggggdfgdfgd;16777343;38;
5.9.2018;14:40:26 ;zfgggggdfgdfgd;16777343;38;
5.9.2018;14:43:47 ;zfgggggdfgdfgd;16777343;38;
5.9.2018;14:54:36 ;zfgggggdfgdfgd;16777343;38;
5.9.2018;14:58:20 ;zfgggggdfgdfgd;16777343;38;
5.9.2018;15:00:47 ;zfgggggdfgdfgd;16777343;38;
5.9.2018;15:10:00 ;zfgggggdfgdfgd;16777343;38;
5.9.2018;15:10:51 ;zfgggggdfgdfgd;16777343;38;
5.9.2018;15:15:09 ;zfgggggdfgdfgd;16777343;38;
5.9.2018;15:20:33 ;zfgggggdfgdfgd;16777343;38;
5.9.2018;15:23:48 ;zfgggggdfgdfgd;16777343;38;
5.9.2018;15:24:59 ;zfgggggdfgdfgd;16777343;38;
5.9.2018;15:25:29 ;zfgggggdfgdfgd;16777343;38;
5.9.2018;15:25:57 ;zfgggggdfgdfgd;16777343;38;
5.9.2018;15:33:40 ;zfgggggdfgdfgd;16777343;38;
5.9.2018;15:33:56 ;zfgggggdfgdfgd;16777343;38;
5.9.2018;15:36:31 ;zfgggggdfgdfgd;16777343;38;
5.9.2018;15:36:55 ;zfgggggdfgdfgd;16777343;38;
5.9.2018;15:37:44 ;zfgggggdfgdfgd;16777343;38;
5.9.2018;15:37:59 ;zfgggggdfgdfgd;16777343;38;
5.9.2018;15:39:04 ;zfgggggdfgdfgd;16777343;38;
5.9.2018;15:39:28 ;zfgggggdfgdfgd;16777343;38;
5.9.2018;15:39:42 ;zfgggggdfgdfgd;16777343;38;
5.9.2018;15:41:04 ;zfgggggdfgdfgd;16777343;38;
5.9.2018;15:42:07 ;testgggg;16777343;39;
5.9.2018;15:45:36 ;testgggg;16777343;39;
5.9.2018;16:08:58 ;testgggg;16777343;39;
5.9.2018;16:09:37 ;testgggg;16777343;39;
5.9.2018;16:10:33 ;testgggg;16777343;39;
5.9.2018;16:10:50 ;testgggg;16777343;39;
5.9.2018;16:11:44 ;testgggg;16777343;39;
5.9.2018;16:13:46 ;testgggg;16777343;39;
5.9.2018;16:14:17 ;testgggg;16777343;39;
5.9.2018;16:16:26 ;testgggg;16777343;39;
5.9.2018;16:18:12 ;testgggg;16777343;39;
5.9.2018;16:31:08 ;testgggg;16777343;39;
5.9.2018;16:32:37 ;testgggg;16777343;39;
5.9.2018;16:33:05 ;testgggg;16777343;39;
5.9.2018;16:54:17 ;testgggg;16777343;39;
5.9.2018;16:57:04 ;testgggg;16777343;39;
5.9.2018;16:57:43 ;testgggg;16777343;39;
5.9.2018;16:58:47 ;testgggg;16777343;39;
5.9.2018;16:59:25 ;testgggg;16777343;39;
5.9.2018;17:00:16 ;testgggg;16777343;39;
5.9.2018;17:01:47 ;testgggg;16777343;39;
5.9.2018;17:02:03 ;testgggg;16777343;39;
5.9.2018;17:03:13 ;testgggg;16777343;39;
5.9.2018;17:04:38 ;testgggg;16777343;39;
5.9.2018;17:08:48 ;testgggg;16777343;39;
5.9.2018;17:10:55 ;testgggg;16777343;39;
5.9.2018;17:11:32 ;testgggg;16777343;39;
5.9.2018;17:11:43 ;testgggg;16777343;39;
5.9.2018;17:12:37 ;testgggg;16777343;39;
5.9.2018;17:13:24 ;testgggg;16777343;39;
5.9.2018;17:13:58 ;testgggg;16777343;39;
5.9.2018;17:17:58 ;testgggg;16777343;39;
5.9.2018;17:22:40 ;testgggg;16777343;39;
5.9.2018;17:25:28 ;testgggg;16777343;39;
5.9.2018;17:36:32 ;testgggg;16777343;39;
5.9.2018;17:38:46 ;testgggg;16777343;39;
5.9.2018;17:39:22 ;testgggg;16777343;39;
5.9.2018;18:40:57 ;testgggg;16777343;39;
6.9.2018;01:18:24 ;testgggg;16777343;39;
6.9.2018;01:20:16 ;testgggg;16777343;39;
6.9.2018;01:20:53 ;testgggg;16777343;39;
6.9.2018;01:22:21 ;testgggg;16777343;39;
6.9.2018;01:22:51 ;testgggg;16777343;39;
6.9.2018;01:23:48 ;testgggg;16777343;39;
6.9.2018;01:24:25 ;testgggg;16777343;39;
6.9.2018;01:24:47 ;testgggg;16777343;39;
6.9.2018;01:26:09 ;testgggg;16777343;39;
6.9.2018;01:26:49 ;testgggg;16777343;39;
6.9.2018;01:30:35 ;testgggg;16777343;39;
6.9.2018;01:33:10 ;testgggg;16777343;39;
6.9.2018;09:28:33 ;testgggg;16777343;39;
6.9.2018;14:35:16 ;testgggg;16777343;39;
6.9.2018;14:35:48 ;testgggg;16777343;39;
6.9.2018;14:36:42 ;testgggg;16777343;39;
6.9.2018;14:39:10 ;testgggg;16777343;39;
6.9.2018;14:44:25 ;testgggg;16777343;39;
6.9.2018;14:45:27 ;testgggg;16777343;39;
6.9.2018;14:46:17 ;testgggg;16777343;39;
6.9.2018;14:48:28 ;testgggg;16777343;39;
6.9.2018;15:06:04 ;ZZFSFGDFGDFG;16777343;40;
6.9.2018;15:09:06 ;ZZFSFGDFGDFG;16777343;40;
6.9.2018;15:09:29 ;ZZFSFGDFGDFG;16777343;40;
6.9.2018;15:16:50 ;ZZFSFGDFGDFG;16777343;40;
6.9.2018;15:38:38 ;ZZFSFGDFGDFG;16777343;40;
6.9.2018;17:03:07 ;ZZFSFGDFGDFG;16777343;40;
6.9.2018;17:06:47 ;ZZFSFGDFGDFG;16777343;40;
6.9.2018;17:07:28 ;ZZFSFGDFGDFG;16777343;40;
6.9.2018;17:08:26 ;ZZFSFGDFGDFG;16777343;40;
6.9.2018;18:01:38 ;ZZFSFGDFGDFG;16777343;40;
6.9.2018;18:05:22 ;ZZFSFGDFGDFG;16777343;40;
6.9.2018;18:07:03 ;ZZFSFGDFGDFG;16777343;40;
6.9.2018;18:07:43 ;gg45gdfgdgdfg;16777343;41;
6.9.2018;18:30:33 ;gg45gdfgdgdfg;16777343;41;
6.9.2018;18:50:13 ;gg45gdfgdgdfg;16777343;41;
6.9.2018;18:51:28 ;testint;16777343;42;
6.9.2018;19:06:47 ;testint;16777343;42;
6.9.2018;19:07:18 ;testint;16777343;42;
6.9.2018;19:09:21 ;testint;16777343;42;
6.9.2018;19:09:49 ;testint;16777343;42;
6.9.2018;19:09:54 ;testint;16777343;42;
6.9.2018;19:17:42 ;testint;16777343;42;
6.9.2018;19:21:41 ;testint;16777343;42;
6.9.2018;19:24:05 ;testint;16777343;42;
6.9.2018;19:24:47 ;testint;16777343;42;
6.9.2018;19:26:24 ;testint;16777343;42;
6.9.2018;21:00:49 ;testint;16777343;42;
6.9.2018;21:09:18 ;testint;16777343;42;
6.9.2018;22:40:18 ;testint;16777343;42;
6.9.2018;22:42:55 ;testint;16777343;42;
7.9.2018;01:28:36 ;testint;16777343;42;
7.9.2018;01:30:52 ;testint;16777343;42;
7.9.2018;01:41:21 ;testint;16777343;42;
7.9.2018;01:43:08 ;testint;16777343;42;
7.9.2018;01:45:11 ;testint;16777343;42;